Ref,Qty,Description,Manufacturer,MPN,Supplier,SupplierPN,Notes
U1,1,ESP32-WROOM-32 DevKitC,Espressif,ESP32-DevKitC-32D,Digi-Key,1965-ESP32-DevKitC-32D-ND,Board variant may vary
J3,1,PCM5102 I2S DAC Module,Texas Instruments,PCM5102A,Adafruit/AliExpress,,"Common breakout, 1x7 header"
J6,1,MAX98357A I2S Class-D Amp,Analog Devices,MAX98357AETE+T (module),Adafruit,3006,Breakout board recommended
J4,1,HX711 Load Cell Amplifier,Avia Semiconductor,HX711 Module,Sparkfun/Amazon,,With 5 kg load cell
CEL1,1,Load Cell 5kg,Phidgets/Generic,3133_0,Phidgets/Amazon,,
J5,1,ADXL345 Accelerometer Breakout,Analog Devices,ADXL345,Adafruit,1231,I2C header 1x6
J1,1,Pin Header 2x19 2.54mm,Wurth,61303821121,Mouser,710-61303821121,ESP32 header
HDR,4,Pin Header Assorted 1x03/1x04/1x06/1x07,Wurth,6130xx series,Mouser,,
MH1-4,4,M3 Mounting Hole Standoff Kit,Keystone,8834,Digi-Key,36-8834-ND,
C1-C4,4,Decoupling Cap 0.1uF 50V 0603,Murata,GRM188R71H104KA93D,Mouser,81-GRM188R71H104KA93D,
JACK,2,RCA Jack or 3.5mm Audio Jack,CUI,SJ1-3523N,Digi-Key,CP1-3523N-ND,Optional if using amp only
